<?xml version="1.0" encoding="UTF-8"?>
<methodResponse><params><param><value><struct><member><name>1</name><value><struct><member><name>imageID</name><value><string>376</string></value></member><member><name>imageURL</name><value><string>http://branch.spitogatos.gr/main/phpthumb/phpThumb.php?id=376</string></value></member></struct></value></member><member><name>2</name><value><struct><member><name>imageID</name><value><string>39578</string></value></member><member><name>imageURL</name><value><string>http://branch.spitogatos.gr/main/phpthumb/phpThumb.php?id=39578</string></value></member></struct></value></member><member><name>3</name><value><struct><member><name>imageID</name><value><string>39579</string></value></member><member><name>imageURL</name><value><string>http://branch.spitogatos.gr/main/phpthumb/phpThumb.php?id=39579</string></value></member></struct></value></member><member><name>4</name><value><struct><member><name>imageID</name><value><string>39580</string></value></member><member><name>imageURL</name><value><string>http://branch.spitogatos.gr/main/phpthumb/phpThumb.php?id=39580</string></value></member></struct></value></member><member><name>5</name><value><struct><member><name>imageID</name><value><string>39581</string></value></member><member><name>imageURL</name><value><string>http://branch.spitogatos.gr/main/phpthumb/phpThumb.php?id=39581</string></value></member></struct></value></member><member><name>6</name><value><struct><member><name>imageID</name><value><string>39582</string></value></member><member><name>imageURL</name><value><string>http://branch.spitogatos.gr/main/phpthumb/phpThumb.php?id=39582</string></value></member></struct></value></member><member><name>7</name><value><struct><member><name>imageID</name><value><string>39583</string></value></member><member><name>imageURL</name><value><string>http://branch.spitogatos.gr/main/phpthumb/phpThumb.php?id=39583</string></value></member></struct></value></member></struct></value></param></params></methodResponse>
