<?xml version="1.0" encoding="UTF-8"?>
<methodResponse><params><param><value><struct><member><name>location</name><value><struct><member><name>areaID</name><value><string>3000</string></value></member><member><name>displayAddress</name><value><string>yes</string></value></member><member><name>geocodeType</name><value><string>failed</string></value></member><member><name>latitude</name><value><string>4.123456</string></value></member><member><name>longitude</name><value><string>3.345678</string></value></member><member><name>streetAddressGR</name><value><string>Panos 7</string></value></member><member><name>streetAddressEN</name><value><string>Panos 7</string></value></member><member><name>zip</name><value><string>15111</string></value></member></struct></value></member><member><name>propertyDetails</name><value><struct><member><name>category</name><value><string>residential</string></value></member><member><name>fullBathrooms</name><value><string>1</string></value></member><member><name>halfBathrooms</name><value><string>1</string></value></member><member><name>livingArea</name><value><string>500</string></value></member><member><name>lotSize</name><value><string>500</string></value></member><member><name>propertyType</name><value><string>studio</string></value></member><member><name>rooms</name><value><string>2</string></value></member><member><name>yearBuilt</name><value><string>1980</string></value></member></struct></value></member><member><name>listingDetails</name><value><struct><member><name>listingID</name><value><string>17196</string></value></member><member><name>bargain</name><value><string>yes</string></value></member><member><name>bargainDescriptionGR</name><value><string>yes</string></value></member><member><name>bargainDescriptionEN</name><value><string>yes</string></value></member><member><name>brokerListingID</name><value><string>qwaszx</string></value></member><member><name>closingPrice</name><value><string>1000</string></value></member><member><name>currency</name><value><string>eur</string></value></member><member><name>dateAvailable</name><value><string>12/9/2009</string></value></member><member><name>dateSold</name><value><string>00/00/0000</string></value></member><member><name>dateListed</name><value><string>00/00/0000</string></value></member><member><name>descriptionGR</name><value><string>test</string></value></member><member><name>descriptionEN</name><value><string>test</string></value></member><member><name>displayPrice</name><value><string>no</string></value></member><member><name>exchangeScheme</name><value><string>no</string></value></member><member><name>exchangeSchemePercentage</name><value><int>0</int></value></member><member><name>holidayHome</name><value><string>no</string></value></member><member><name>initialPrice</name><value><string>550</string></value></member><member><name>listingType</name><value><string>for rent</string></value></member><member><name>price</name><value><string>500</string></value></member><member><name>published</name><value><string>yes</string></value></member><member><name>publishedBrokerSite</name><value><string>yes</string></value></member><member><name>shortTermLetting</name><value><string>no</string></value></member><member><name>status</name><value><string>active</string></value></member><member><name>newDevelopment</name><value><string>no</string></value></member></struct></value></member><member><name>links</name><value><struct><member><name>landingPageURL</name><value><string>http://www.spitogatos.gr</string></value></member><member><name>virtualTourURL</name><value><string>http://www.spitogatos.gr</string></value></member></struct></value></member><member><name>detailedCharacteristics</name><value><struct><member><name>airConditioning</name><value><string>yes</string></value></member><member><name>alarm</name><value><string>no</string></value></member><member><name>attic</name><value><string>yes</string></value></member><member><name>balcony</name><value><string>no</string></value></member><member><name>buildingCoefficient</name><value><string>2.0</string></value></member><member><name>cableReady</name><value><string>no</string></value></member><member><name>corner</name><value><string>yes</string></value></member><member><name>elevator</name><value><string>no</string></value></member><member><name>facade</name><value><string>no</string></value></member><member><name>fireplace</name><value><string>no</string></value></member><member><name>floorNumber</name><value><string>9</string></value></member><member><name>freightElevator</name><value><string>no</string></value></member><member><name>furnished</name><value><string>no</string></value></member><member><name>furredCeiling</name><value><string>no</string></value></member><member><name>garage</name><value><string>no</string></value></member><member><name>garden</name><value><string>no</string></value></member><member><name>heatingSystem</name><value><nil/></value></member><member><name>internalStairs</name><value><string>no</string></value></member><member><name>loadingDock</name><value><string>no</string></value></member><member><name>penthouse</name><value><string>no</string></value></member><member><name>petsAllowed</name><value><string>no</string></value></member><member><name>playroom</name><value><string>no</string></value></member><member><name>residentialArea</name><value><string>no</string></value></member><member><name>roadType</name><value><nil/></value></member><member><name>satelliteReceiver</name><value><string>no</string></value></member><member><name>secureDoor</name><value><string>no</string></value></member><member><name>solarWaterHeating</name><value><string>no</string></value></member><member><name>storageSpace</name><value><string>no</string></value></member><member><name>style</name><value><nil/></value></member><member><name>swimmingPool</name><value><string>no</string></value></member><member><name>view</name><value><string>no</string></value></member><member><name>withinCityPlan</name><value><string>no</string></value></member><member><name>zoning</name><value><string>residential</string></value></member></struct></value></member></struct></value></param></params></methodResponse>
