<?xml version='1.0' encoding='UTF-8'?>
<methodCall>
  <methodName>sync.newListing</methodName>
  <params>
    <param>
      <value>
        <string>1234567890123456789012345</string>
      </value>
    </param>
    <param>
      <value>
        <int>0</int>
      </value>
    </param>
    <param>
      <value>
        <string>mesitis1</string>
      </value>
    </param>
    <param>
      <value>
        <string>password</string>
      </value>
    </param>
    <param>
      <value>
        <struct>
          <member>
            <name>location</name>
            <value>
              <struct>
                <member>
                  <name>areaID</name>
                  <value>
                    <int>2006</int>
                  </value>
                </member>
                <member>
                  <name>displayAddress</name>
                  <value>
                    <string>no</string>
                  </value>
                </member>
                <member>
                  <name>geocodeType</name>
                  <value>
                    <string>exact</string>
                  </value>
                </member>
                <member>
                  <name>latitude</name>
                  <value>
                    <double>9.012345</double>
                  </value>
                </member>
                <member>
                  <name>longitude</name>
                  <value>
                    <double>8.901234</double>
                  </value>
                </member>
                <member>
                  <name>streetAddressGR</name>
                  <value>
                    <string>test4</string>
                  </value>
                </member>
                <member>
                  <name>streetAddressEN</name>
                  <value>
                    <string>test4</string>
                  </value>
                </member>
                <member>
                  <name>zip</name>
                  <value>
                    <string>test6</string>
                  </value>
                </member>
              </struct>
            </value>
          </member>
          <member>
            <name>propertyDetails</name>
            <value>
              <struct>
                <member>
                  <name>category</name>
                  <value>
                    <string>residential</string>
                  </value>
                </member>
                <member>
                  <name>fullBathrooms</name>
                  <value>
                    <int>6</int>
                  </value>
                </member>
                <member>
                  <name>halfBathrooms</name>
                  <value>
                    <int>3</int>
                  </value>
                </member>
                <member>
                  <name>livingArea</name>
                  <value>
                    <int>45</int>
                  </value>
                </member>
                <member>
                  <name>lotSize</name>
                  <value>
                    <int>97</int>
                  </value>
                </member>
                <member>
                  <name>propertyType</name>
                  <value>
                    <string>apartment</string>
                  </value>
                </member>
                <member>
                  <name>rooms</name>
                  <value>
                    <int>1</int>
                  </value>
                </member>
                <member>
                  <name>yearBuilt</name>
                  <value>
                    <int>2000</int>
                  </value>
                </member>
              </struct>
            </value>
          </member>
          <member>
            <name>listingDetails</name>
            <value>
              <struct>
                <member>
                  <name>brokerListingID</name>
                  <value>
                    <string>wqvcaceghnty</string>
                  </value>
                </member>
                <member>
                  <name>closingPrice</name>
                  <value>
                    <int>7845</int>
                  </value>
                </member>
                <member>
                  <name>currency</name>
                  <value>
                    <string>eur</string>
                  </value>
                </member>
                <member>
                  <name>dateAvailable</name>
                  <value>
                    <string>19/3/2009</string>
                  </value>
                </member>
                <member>
                  <name>dateSold</name>
                  <value>
                    <string>14/12/2005</string>
                  </value>
                </member>
                <member>
                  <name>descriptionGR</name>
                  <value>
                    <string>test1</string>
                  </value>
                </member>
                <member>
                  <name>descriptionEN</name>
                  <value>
                    <string>test2</string>
                  </value>
                </member>
                <member>
                  <name>exchangeScheme</name>
                  <value>
                    <string>yes</string>
                  </value>
                </member>
                <member>
                  <name>exchangeSchemePercentage</name>
                  <value>
                    <double>6.8</double>
                  </value>
                </member>
                <member>
                  <name>holidayHome</name>
                  <value>
                    <string>no</string>
                  </value>
                </member>
                <member>
                  <name>initialPrice</name>
                  <value>
                    <int>987</int>
                  </value>
                </member>
                <member>
                  <name>listingType</name>
                  <value>
                    <string>for sale</string>
                  </value>
                </member>
                <member>
                  <name>price</name>
                  <value>
                    <int>957</int>
                  </value>
                </member>
                <member>
                  <name>published</name>
                  <value>
                    <string>yes</string>
                  </value>
                </member>
                <member>
                  <name>publishedBrokerSite</name>
                  <value>
                    <string>yes</string>
                  </value>
                </member>
                <member>
                  <name>shortTermLetting</name>
                  <value>
                    <string>yes</string>
                  </value>
                </member>
                <member>
                  <name>status</name>
                  <value>
                    <string>contract</string>
                  </value>
                </member>
                <member>
                  <name>newDevelopment</name>
                  <value>
                    <string>yes</string>
                  </value>
                </member>
              </struct>
            </value>
          </member>
          <member>
            <name>links</name>
            <value>
              <struct>
                <member>
                  <name>landingPageURL</name>
                  <value>
                    <string>http://www.spitogatos.gr</string>
                  </value>
                </member>
                <member>
                  <name>virtualTourURL</name>
                  <value>
                    <string>http://www.spitogatos.gr</string>
                  </value>
                </member>
              </struct>
            </value>
          </member>
          <member>
            <name>detailedCharacteristics</name>
            <value>
              <struct>
                <member>
                  <name>airConditioning</name>
                  <value>
                    <string>no</string>
                  </value>
                </member>
                <member>
                  <name>alarm</name>
                  <value>
                    <string>yes</string>
                  </value>
                </member>
                <member>
                  <name>attic</name>
                  <value>
                    <string>no</string>
                  </value>
                </member>
                <member>
                  <name>balcony</name>
                  <value>
                    <string>yes</string>
                  </value>
                </member>
                <member>
                  <name>buildingCoefficient</name>
                  <value>
                    <double>4.6</double>
                  </value>
                </member>
                <member>
                  <name>cableReady</name>
                  <value>
                    <string>yes</string>
                  </value>
                </member>
                <member>
                  <name>corner</name>
                  <value>
                    <string>yes</string>
                  </value>
                </member>
                <member>
                  <name>elevator</name>
                  <value>
                    <string>yes</string>
                  </value>
                </member>
                <member>
                  <name>facade</name>
                  <value>
                    <string>no</string>
                  </value>
                </member>
                <member>
                  <name>fireplace</name>
                  <value>
                    <string>yes</string>
                  </value>
                </member>
                <member>
                  <name>floorNumber</name>
                  <value>
                    <string>6</string>
                  </value>
                </member>
                <member>
                  <name>freightElevator</name>
                  <value>
                    <string>yes</string>
                  </value>
                </member>
                <member>
                  <name>furnished</name>
                  <value>
                    <string>yes</string>
                  </value>
                </member>
                <member>
                  <name>furredCeiling</name>
                  <value>
                    <string>no</string>
                  </value>
                </member>
                <member>
                  <name>garage</name>
                  <value>
                    <string>no</string>
                  </value>
                </member>
                <member>
                  <name>garden</name>
                  <value>
                    <string>yes</string>
                  </value>
                </member>
                <member>
                  <name>heatingSystem</name>
                  <value>
                    <string>autonomous</string>
                  </value>
                </member>
                <member>
                  <name>internalStairs</name>
                  <value>
                    <string>yes</string>
                  </value>
                </member>
                <member>
                  <name>loadingDock</name>
                  <value>
                    <string>no</string>
                  </value>
                </member>
                <member>
                  <name>penthouse</name>
                  <value>
                    <string>no</string>
                  </value>
                </member>
                <member>
                  <name>petsAllowed</name>
                  <value>
                    <string>yes</string>
                  </value>
                </member>
                <member>
                  <name>playroom</name>
                  <value>
                    <string>no</string>
                  </value>
                </member>
                <member>
                  <name>residentialArea</name>
                  <value>
                    <string>no</string>
                  </value>
                </member>
                <member>
                  <name>roadType</name>
                  <value>
                    <string>dirt road</string>
                  </value>
                </member>
                <member>
                  <name>satelliteReceiver</name>
                  <value>
                    <string>yes</string>
                  </value>
                </member>
                <member>
                  <name>secureDoor</name>
                  <value>
                    <string>yes</string>
                  </value>
                </member>
                <member>
                  <name>solarWaterHeating</name>
                  <value>
                    <string>yes</string>
                  </value>
                </member>
                <member>
                  <name>storageSpace</name>
                  <value>
                    <string>no</string>
                  </value>
                </member>
                <member>
                  <name>style</name>
                  <value>
                    <string>Tudor</string>
                  </value>
                </member>
                <member>
                  <name>swimmingPool</name>
                  <value>
                    <string>yes</string>
                  </value>
                </member>
                <member>
                  <name>view</name>
                  <value>
                    <string>yes</string>
                  </value>
                </member>
                <member>
                  <name>withinCityPlan</name>
                  <value>
                    <string>no</string>
                  </value>
                </member>
                <member>
                  <name>zoning</name>
                  <value>
                    <string>residential</string>
                  </value>
                </member>
              </struct>
            </value>
          </member>
        </struct>
      </value>
    </param>
  </params>
</methodCall>
