<?xml version="1.0" encoding="UTF-8"?>
<methodCall><methodName>sync.searchListings</methodName><params><param><value><string>1234567890123456789012345</string></value></param><param><value><string>mesitis1</string></value></param><param><value><string>password</string></value></param><param><value><struct><member><name>category</name><value><string>residential</string></value></member><member><name>listingtype</name><value><string>rent</string></value></member><member><name>regionid</name><value><int>100</int></value></member><member><name>areaids</name><value><array><data><value><int>2000</int></value><value><int>2001</int></value><value><int>2002</int></value></data></array></value></member><member><name>propertytypes</name><value><array><data><value><string>appartment</string></value><value><string>studio</string></value></data></array></value></member><member><name>furnished</name><value><string/></value></member><member><name>pricelow</name><value><int>10</int></value></member><member><name>pricehigh</name><value><int>1000000</int></value></member><member><name>livingarealow</name><value><int>10</int></value></member><member><name>livingareahigh</name><value><int>50000</int></value></member><member><name>roomslow</name><value><int>1</int></value></member><member><name>roomshigh</name><value><int>8</int></value></member><member><name>uploadedearliest</name><value><string>1/1/1980</string></value></member><member><name>uploadedlatest</name><value><string>11/9/2009</string></value></member><member><name>modifiedearliest</name><value><string>1/1/2000</string></value></member><member><name>modifiedlatest</name><value><string>11/9/2009</string></value></member><member><name>sortby</name><value><string>dateuploaded</string></value></member><member><name>offset</name><value><int>0</int></value></member><member><name>limit</name><value><int>70</int></value></member></struct></value></param></params></methodCall>
