<?xml version="1.0" encoding="UTF-8"?>
<methodResponse><params><param><value><struct><member><name>totalNumberOfResults</name><value><string>5586</string></value></member><member><name>listingIDs</name><value><array><data><value><struct><member><name>listingID</name><value><string>642</string></value></member><member><name>brokerListingID</name><value><string>myListing5842</string></value></member><member><name>dateModified</name><value><string>15/7/2011 13:42</string></value></member><member><name>dateUploaded</name><value><string>25/8/2000 12:34</string></value></member></struct></value><value><struct><member><name>listingID</name><value><string>228</string></value></member><member><name>brokerListingID</name><value><string></string></value></member><member><name>dateModified</name><value><string>12/8/2009 16:41</string></value></member><member><name>dateUploaded</name><value><string>5/4/2004 20:42</string></value></member></struct></value><value><struct><member><name>listingID</name><value><string>229</string></value></member><member><name>brokerListingID</name><value><string></string></value></member><member><name>dateModified</name><value><string>12/8/2009 16:42</string></value></member><member><name>dateUploaded</name><value><string>23/4/2004 20:42</string></value></member></struct></value><value><struct><member><name>listingID</name><value><string>230</string></value></member><member><name>brokerListingID</name><value><string></string></value></member><member><name>dateModified</name><value><string>12/8/2009 16:43</string></value></member><member><name>dateUploaded</name><value><string>23/4/2004 20:42</string></value></member></struct></value><value><struct><member><name>listingID</name><value><string>231</string></value></member><member><name>brokerListingID</name><value><string></string></value></member><member><name>dateModified</name><value><string>12/8/2009 16:49</string></value></member><member><name>dateUploaded</name><value><string>23/4/2004 20:42</string></value></member></struct></value></data></array></value></member></struct></value></param></params></methodResponse>